{
  "camera_state": {
    "position": [
      0.5215714364797018,
      311.7285659289917,
      145.8365644878321
    ],
    "focal_point": [
      51.0,
      46.5,
      80.0
    ],
    "view_up": [
      -0.040547671474508294,
      -0.24797887092861423,
      0.967916507716944
    ],
    "view_angle": 37.5,
    "distance": 277.9005526416822
  },
  "zoom_factor": 1.0,
  "timestamp": "2026-01-13T13:11:05.689044",
  "version": "3.0"
}