{
  "global": [
    [
      0.0,
      0.0,
      0.0,
      0.0,
      0.0
    ],
    [
      0.4763680387409201,
      0.5686274509803921,
      0.2549019607843137,
      0.6745098039215687,
      0
    ],
    [
      0.4863680387409201,
      0.5058823529411764,
      0.23921568627450981,
      0.611764705882353,
      0.16428571428571426
    ],
    [
      0.4963680387409201,
      0.5058823529411764,
      0.23921568627450981,
      0.611764705882353,
      0
    ],
    [
      0.5205811138014528,
      0.3686274509803922,
      0.3607843137254902,
      0.39215686274509803,
      0
    ],
    [
      0.7,
      1.0,
      1.0,
      1.0,
      0.8
    ],
    [
      1.0,
      1.0,
      1.0,
      1.0,
      1.0
    ]
  ],
  "shading": {
    "enabled": false,
    "ambient": 0.4,
    "diffuse": 0.6,
    "specular": 0.2
  },
  "metadata": {
    "version": "3.0"
  }
}