{
  "global": [
    [
      0.46536412078152756,
      0.0,
      0.0,
      0.0,
      0
    ],
    [
      0.4849023090586146,
      0.6666666666666666,
      0.0,
      0.0,
      0.17142857142857137
    ],
    [
      0.5133214920071048,
      0.0,
      0.0,
      0.0,
      0
    ],
    [
      0.5233214920071048,
      0.0,
      0.0,
      0.0,
      0
    ],
    [
      0.5470692717584369,
      0.0,
      0.0,
      1.0,
      0.22857142857142854
    ],
    [
      0.5595026642984015,
      0.0,
      0.0,
      0.0,
      0
    ],
    [
      0.5861456483126111,
      0.0,
      0.0,
      0.0,
      0
    ],
    [
      0.6660746003552398,
      1.0,
      1.0,
      1.0,
      0.6142857142857143
    ],
    [
      0.7531083481349912,
      0.0,
      0.0,
      0.0,
      0
    ]
  ],
  "shading": {
    "enabled": false,
    "ambient": 0.4,
    "diffuse": 0.6,
    "specular": 0.2
  },
  "metadata": {
    "version": "3.0"
  }
}