{
  "global": [
    [
      0.4743102427471876,
      0.0,
      0.0,
      0.0,
      0
    ],
    [
      0.4843102427471876,
      0.6666666666666666,
      0.0,
      0.0,
      0.507142857142858
    ],
    [
      0.5079928952042628,
      0.0,
      0.0,
      0.0,
      0
    ],
    [
      0.5179928952042628,
      0.0,
      0.0,
      0.0,
      0
    ],
    [
      0.5375962107756068,
      0.0,
      0.0,
      1.0,
      0.21190476190476204
    ],
    [
      0.5595026642984015,
      0.0,
      0.0,
      0.0,
      0
    ],
    [
      0.5861456483126111,
      0.0,
      0.0,
      0.0,
      0
    ],
    [
      0.5961456483126111,
      1.0,
      1.0,
      1.0,
      0.830952380952381
    ],
    [
      0.7531083481349912,
      0.0,
      0.0,
      0.0,
      0
    ]
  ],
  "shading": {
    "enabled": true,
    "ambient": 0.31,
    "diffuse": 2.33,
    "specular": 0.26
  },
  "metadata": {
    "version": "3.0"
  }
}