{
  "global": [
    [
      0.0,
      0.0,
      0.0,
      0.0,
      0.0
    ],
    [
      0.4763680387409201,
      0.5686274509803921,
      0.2549019607843137,
      0.6745098039215687,
      0
    ],
    [
      0.4863680387409201,
      0.5058823529411764,
      0.23921568627450981,
      0.611764705882353,
      0.26904761904761954
    ],
    [
      0.4963680387409201,
      0.5058823529411764,
      0.23921568627450981,
      0.611764705882353,
      0
    ],
    [
      0.5205811138014528,
      0.3686274509803922,
      0.3607843137254902,
      0.39215686274509803,
      0
    ],
    [
      0.5399644760213144,
      1.0,
      0.0,
      0.0,
      0.2976190476190481
    ],
    [
      0.5612788632326821,
      0.46183890804867533,
      0.45515367709275834,
      0.48189460091642655,
      0
    ],
    [
      0.5766725873297809,
      0.5361282995482488,
      0.5303659181761774,
      0.5534154436644632,
      0
    ],
    [
      0.7,
      1.0,
      1.0,
      1.0,
      0.8
    ],
    [
      1.0,
      1.0,
      1.0,
      1.0,
      1.0
    ]
  ],
  "shading": {
    "enabled": true,
    "ambient": 0.24,
    "diffuse": 1.19,
    "specular": 0.95
  },
  "metadata": {
    "version": "3.0"
  }
}