{
  "global": [
    [
      0.47194197750148015,
      0.6666666666666666,
      0.0,
      0.0,
      0
    ],
    [
      0.48194197750148016,
      0.6666666666666666,
      0.0,
      0.0,
      0.19285714285714284
    ],
    [
      0.5079928952042628,
      0.0,
      0.0,
      0.0,
      0
    ],
    [
      0.5179928952042628,
      0.0,
      0.0,
      0.0,
      0
    ],
    [
      0.5375962107756068,
      0.0,
      0.0,
      1.0,
      0.21190476190476204
    ],
    [
      0.5595026642984015,
      0.0,
      0.0,
      0.0,
      0
    ],
    [
      0.5861456483126111,
      0.0,
      0.0,
      0.0,
      0
    ],
    [
      0.5961456483126111,
      1.0,
      1.0,
      1.0,
      1
    ],
    [
      0.9816459443457667,
      0.0,
      0.0,
      0.0,
      0
    ]
  ],
  "shading": {
    "enabled": true,
    "ambient": 0.31,
    "diffuse": 2.33,
    "specular": 0.26
  },
  "metadata": {
    "version": "3.0"
  }
}