{
  "global": [
    [
      0.0,
      0.0,
      0.0,
      0.0,
      0.0
    ],
    [
      0.5447010065127293,
      0.0,
      0.0,
      0.0,
      0
    ],
    [
      0.5547010065127294,
      0.4196078431372549,
      0.0,
      0.0,
      0.3833333333333334
    ],
    [
      0.5773297809354647,
      0.6666666666666666,
      0.0,
      0.0,
      0.32619047619047636
    ],
    [
      0.5873297809354647,
      0.0,
      0.0,
      0.0,
      0
    ],
    [
      0.6429840142095915,
      1.0,
      1.0,
      1.0,
      0.25
    ],
    [
      0.6796921255180579,
      1.0,
      1.0,
      1.0,
      0
    ],
    [
      0.6991651865008881,
      1.0,
      1.0,
      1.0,
      1
    ]
  ],
  "shading": {
    "enabled": true,
    "ambient": 0.39,
    "diffuse": 1.08,
    "specular": 0.13
  },
  "metadata": {
    "version": "3.0"
  }
}