{
  "global": [
    [
      0.0,
      0.0,
      0.0,
      0.0,
      0.0
    ],
    [
      0.5127294256956778,
      1.0,
      1.0,
      1.0,
      0
    ],
    [
      0.5423327412670219,
      0.6666666666666666,
      0.0,
      0.0,
      0
    ],
    [
      0.5744345766725872,
      0.6666666666666666,
      0.0,
      0.0,
      0.37380952380952404
    ],
    [
      0.5844345766725872,
      0.0,
      0.0,
      0.0,
      0
    ],
    [
      0.5944345766725873,
      1.0,
      1.0,
      1.0,
      0.8166666666666668
    ],
    [
      0.6044345766725873,
      1.0,
      1.0,
      1.0,
      1
    ],
    [
      0.6962699822380105,
      1.0,
      1.0,
      1.0,
      0.9833333333333336
    ]
  ],
  "shading": {
    "enabled": true,
    "ambient": 0.39,
    "diffuse": 0.79,
    "specular": 0.49
  },
  "metadata": {
    "version": "3.0"
  }
}