{
  "global": [
    [
      0.33629366489046764,
      1.0,
      1.0,
      1.0,
      0
    ],
    [
      0.3623445825932504,
      1.0,
      1.0,
      1.0,
      0.9642857142857143
    ],
    [
      0.41089402013025456,
      1.0,
      1.0,
      1.0,
      0
    ],
    [
      0.458259325044405,
      1.0,
      1.0,
      1.0,
      0.8119047619047622
    ],
    [
      0.5008880994671403,
      1.0,
      1.0,
      1.0,
      0
    ]
  ],
  "shading": {
    "enabled": true,
    "ambient": 0.4,
    "diffuse": 0.68,
    "specular": 0.09
  },
  "metadata": {
    "version": "3.0"
  }
}